{"cameraMode":{"drawMode":0,"name":"Shaded","section":"Shading Mode"},"sceneLighting":true,"audioPlay":false,"sceneViewState":{"showFog":true,"showMaterialUpdate":false,"showSkybox":true,"showFlares":true,"showImageEffects":true,"showParticleSystems":true,"showVisualEffectGraphs":true,"m_FxEnabled":true},"in2DMode":false,"pivot":{"x":-13.681036949157715,"y":-12.858006477355957,"z":17.150949478149415},"rotation":{"x":-0.3655110001564026,"y":0.44018682837486269,"z":-0.20225924253463746,"w":-0.7952155470848084},"size":33.132469177246097,"orthographic":false}