{"cameraMode":{"drawMode":0,"name":"Shaded","section":"Shading Mode"},"sceneLighting":true,"audioPlay":false,"sceneViewState":{"showFog":true,"showMaterialUpdate":false,"showSkybox":true,"showFlares":true,"showImageEffects":true,"showParticleSystems":true,"showVisualEffectGraphs":true,"m_FxEnabled":true},"in2DMode":false,"pivot":{"x":-0.885442852973938,"y":3.2428669929504396,"z":14.353435516357422},"rotation":{"x":0.3029424548149109,"y":0.016322031617164613,"z":-0.005181490909308195,"w":0.9529076814651489},"size":8.133858680725098,"orthographic":false}