{"cameraMode":{"drawMode":0,"name":"Shaded","section":"Shading Mode"},"sceneLighting":true,"audioPlay":false,"sceneViewState":{"showFog":true,"showMaterialUpdate":false,"showSkybox":true,"showFlares":true,"showImageEffects":true,"showParticleSystems":true,"showVisualEffectGraphs":true,"m_FxEnabled":true},"in2DMode":false,"pivot":{"x":-30.571754455566408,"y":3.9635863304138185,"z":18.283973693847658},"rotation":{"x":-0.12341316789388657,"y":0.37520748376846316,"z":-0.05076809599995613,"w":-0.9175728559494019},"size":14.462614059448243,"orthographic":false}