{"cameraMode":{"drawMode":0,"name":"Shaded","section":"Shading Mode"},"sceneLighting":true,"audioPlay":false,"sceneViewState":{"showFog":true,"showMaterialUpdate":false,"showSkybox":true,"showFlares":true,"showImageEffects":true,"showParticleSystems":true,"showVisualEffectGraphs":true,"m_FxEnabled":true},"in2DMode":false,"pivot":{"x":-11.618642807006836,"y":1.4772868156433106,"z":23.057924270629884},"rotation":{"x":-0.11586718261241913,"y":0.20818087458610536,"z":-0.025142185389995576,"w":-0.9711544513702393},"size":17.990650177001954,"orthographic":false}