{"cameraMode":{"drawMode":0,"name":"Shaded","section":"Shading Mode"},"sceneLighting":true,"audioPlay":false,"sceneViewState":{"showFog":true,"showMaterialUpdate":false,"showSkybox":true,"showFlares":true,"showImageEffects":true,"showParticleSystems":true,"showVisualEffectGraphs":true,"m_FxEnabled":true},"in2DMode":false,"pivot":{"x":-20.570222854614259,"y":0.9595860242843628,"z":15.090317726135254},"rotation":{"x":-0.0967901200056076,"y":0.13515296578407288,"z":-0.013113613240420819,"w":-0.9862158298492432},"size":3.262721300125122,"orthographic":false}